id,date,meal_type,time,description,calories,protein_g,carbs_g,fat_g,notes,source_file
20260115_breakfast_1,2026-01-15,breakfast,,Oatmeal with banana and protein powder,400,30,,,Daily-Notes/2026-01/2026-01-15.md
20260115_lunch_1,2026-01-15,lunch,,Grilled chicken salad with quinoa,550,45,,,Daily-Notes/2026-01/2026-01-15.md
20260115_dinner_1,2026-01-15,dinner,,Salmon with roasted vegetables and rice,650,40,,,Daily-Notes/2026-01/2026-01-15.md
20260116_breakfast_1,2026-01-16,breakfast,,Greek yogurt with berries and granola,350,25,,,Daily-Notes/2026-01/2026-01-16.md
20260116_lunch_1,2026-01-16,lunch,,Turkey wrap with vegetables,480,35,,,Daily-Notes/2026-01/2026-01-16.md
20260116_dinner_1,2026-01-16,dinner,,Steak with sweet potato and broccoli,700,50,,,Daily-Notes/2026-01/2026-01-16.md
20260117_breakfast_1,2026-01-17,breakfast,,Eggs and avocado toast,450,25,,,Daily-Notes/2026-01/2026-01-17.md
20260117_lunch_1,2026-01-17,lunch,,Poke bowl with salmon,600,40,,,Daily-Notes/2026-01/2026-01-17.md
20260117_dinner_1,2026-01-17,dinner,,Chicken stir-fry with rice,550,35,,,Daily-Notes/2026-01/2026-01-17.md
